Date;Level;Message
"2026-06-09 03:42:53";NOTICE;"Post deleted: 4051"
"2026-06-09 03:43:10";NOTICE;"Post updated: 4020"
"2026-06-09 03:47:56";NOTICE;"Post deleted: 4041"
"2026-06-09 03:48:15";NOTICE;"Post updated: 4017"
"2026-06-09 05:07:09";NOTICE;"Post updated: 4133"
"2026-06-09 05:15:36";NOTICE;"Post updated: 4034"
"2026-06-09 05:18:21";NOTICE;"Post updated: 4019"
"2026-06-09 05:18:39";NOTICE;"Post updated: 4133"
"2026-06-09 05:19:49";NOTICE;"Post updated: 4022"
"2026-06-09 05:22:39";NOTICE;"Post updated: 4023"
"2026-06-09 05:23:51";NOTICE;"Post updated: 4026"
"2026-06-09 05:25:09";NOTICE;"Post updated: 4364"
"2026-06-09 05:25:51";NOTICE;"Post updated: 4133"
"2026-06-09 05:26:15";NOTICE;"Post updated: 4371"
"2026-06-09 05:26:56";NOTICE;"Post updated: 4133"
"2026-06-09 05:27:56";NOTICE;"Post updated: 4369"
"2026-06-09 05:29:07";NOTICE;"Post updated: 4370"
"2026-06-09 05:29:43";NOTICE;"Post updated: 4133"
"2026-06-09 05:31:20";NOTICE;"Post updated: 4130"
"2026-06-09 05:32:30";NOTICE;"Post updated: 4131"
"2026-06-09 05:33:21";NOTICE;"Post updated: 4133"
"2026-06-09 05:33:51";NOTICE;"Post updated: 4132"
"2026-06-09 05:38:05";NOTICE;"Post updated: 4034"
"2026-06-09 05:38:37";NOTICE;"Post deleted: 4880"
"2026-06-09 05:38:52";NOTICE;"Post updated: 4375"
"2026-06-09 05:41:15";NOTICE;"Post updated: 4019"
"2026-06-09 05:47:44";NOTICE;"Post updated: 4022"
"2026-06-09 05:47:59";NOTICE;"Post deleted: 4807"
"2026-06-09 05:48:07";NOTICE;"Post updated: 4378"
"2026-06-09 05:50:41";NOTICE;"Post deleted: 4866"
"2026-06-09 05:52:03";NOTICE;"Post updated: 4023"
"2026-06-09 05:54:57";NOTICE;"Post updated: 4026"
"2026-06-09 05:55:20";NOTICE;"Post deleted: 4805"
"2026-06-09 05:55:28";NOTICE;"Post updated: 4379"
"2026-06-09 05:58:36";NOTICE;"Post updated: 4364"
"2026-06-09 05:58:46";NOTICE;"Post deleted: 4668"
"2026-06-09 06:02:27";NOTICE;"Post updated: 4371"
"2026-06-09 06:03:00";NOTICE;"Post deleted: 4049"
"2026-06-09 06:03:06";NOTICE;"Post updated: 4034"
"2026-06-09 06:04:18";NOTICE;"Post deleted: 4043"
"2026-06-09 06:05:55";NOTICE;"Post updated: 4130"
"2026-06-09 06:08:14";NOTICE;"Post updated: 4131"
"2026-06-09 06:12:54";NOTICE;"Post updated: 2450"
"2026-06-09 06:14:30";NOTICE;"Post updated: 4375"
"2026-06-09 06:18:43";NOTICE;"Post updated: 4378"
"2026-06-09 06:20:38";NOTICE;"Post updated: 4379"
"2026-06-09 06:22:29";NOTICE;"Post updated: 4381"
"2026-06-09 06:26:19";NOTICE;"Post updated: 4133"
"2026-06-09 06:32:00";NOTICE;"Post updated: 4130"
"2026-06-09 06:32:46";NOTICE;"Post updated: 4023"
"2026-06-09 06:34:31";NOTICE;"Post updated: 4378"
"2026-06-09 06:35:20";NOTICE;"Post updated: 4131"
"2026-06-09 06:41:13";NOTICE;"Post updated: 4131"
"2026-06-09 06:42:01";NOTICE;"Post updated: 4132"
"2026-06-09 06:42:43";NOTICE;"Post updated: 4130"
"2026-06-09 06:51:07";NOTICE;"Post updated: 4375"
"2026-06-09 06:54:02";NOTICE;"Post updated: 4377"
"2026-06-09 06:54:38";NOTICE;"Post updated: 4378"
"2026-06-09 06:54:58";NOTICE;"Post updated: 4379"
"2026-06-09 06:55:24";NOTICE;"Post updated: 4381"
"2026-06-09 07:04:59";NOTICE;"Post deleted: 8808"
"2026-06-09 07:05:12";NOTICE;"Post updated: 4133"
"2026-06-09 07:22:21";NOTICE;"Post updated: 4377"
"2026-06-09 07:23:38";NOTICE;"Post updated: 4019"
"2026-06-09 07:34:08";NOTICE;"Post deleted: 4853"
"2026-06-09 07:34:37";NOTICE;"Post updated: 4019"
"2026-06-09 07:34:38";NOTICE;"Post updated: 4381"
"2026-06-09 07:34:39";NOTICE;"Post updated: 4371"
"2026-06-09 07:34:40";NOTICE;"Post updated: 4377"
"2026-06-09 07:41:29";NOTICE;"Post inserted: 11406"
"2026-06-09 07:41:30";NOTICE;"Post inserted: 11407"
"2026-06-09 07:41:31";NOTICE;"Post inserted: 11408"
"2026-06-09 07:42:07";NOTICE;"Post updated: 4364"
"2026-06-09 07:42:33";NOTICE;"Post updated: 4371"
"2026-06-09 07:42:56";NOTICE;"Post updated: 4369"
"2026-06-09 07:43:23";NOTICE;"Post updated: 4370"
"2026-06-09 07:57:26";NOTICE;"Post inserted: 11409"
"2026-06-09 07:57:27";NOTICE;"Post inserted: 11410"
"2026-06-09 07:57:28";NOTICE;"Post inserted: 11411"
"2026-06-09 07:57:28";NOTICE;"Post inserted: 11412"
"2026-06-09 07:57:46";NOTICE;"Post updated: 4132"
"2026-06-09 07:58:14";NOTICE;"Post inserted: 11413"
"2026-06-09 07:58:14";NOTICE;"Post inserted: 11414"
"2026-06-09 07:58:15";NOTICE;"Post inserted: 11415"
"2026-06-09 07:58:15";NOTICE;"Post inserted: 11416"
"2026-06-09 07:58:30";NOTICE;"Post updated: 4131"
"2026-06-09 07:59:01";NOTICE;"Post inserted: 11417"
"2026-06-09 07:59:02";NOTICE;"Post inserted: 11418"
"2026-06-09 07:59:02";NOTICE;"Post inserted: 11419"
"2026-06-09 07:59:03";NOTICE;"Post inserted: 11420"
"2026-06-09 07:59:19";NOTICE;"Post updated: 4130"
"2026-06-09 08:08:10";NOTICE;"Post updated: 4130"
"2026-06-09 08:08:13";NOTICE;"Post updated: 4130"
"2026-06-09 08:08:41";NOTICE;"Post updated: 4132"
"2026-06-09 08:09:19";NOTICE;"Post updated: 4131"
"2026-06-09 08:10:03";NOTICE;"Post updated: 4133"
"2026-06-09 08:15:41";NOTICE;"Post deleted: 4045"
"2026-06-09 08:15:56";NOTICE;"Post updated: 4023"
"2026-06-09 08:19:12";NOTICE;"Post inserted: 11422"
"2026-06-09 08:19:46";NOTICE;"Post updated: 4371"
"2026-06-09 08:22:54";NOTICE;"Post inserted: 11423"
"2026-06-09 08:22:54";NOTICE;"Post inserted: 11424"
"2026-06-09 08:22:54";NOTICE;"Post inserted: 11425"
"2026-06-09 08:22:54";NOTICE;"Post inserted: 11426"
"2026-06-09 08:23:12";NOTICE;"Post updated: 4133"
"2026-06-09 08:27:40";NOTICE;"Post deleted: 371"
"2026-06-09 08:29:22";NOTICE;"Post updated: 4370"
"2026-06-09 08:34:17";NOTICE;"Post updated: 2450"
"2026-06-09 08:54:35";NOTICE;"Post updated: 2450"
"2026-06-09 08:56:19";NOTICE;"Post updated: 2450"
"2026-06-09 09:01:09";NOTICE;"Post updated: 2450"
"2026-06-09 09:51:51";NOTICE;"Manual purge of post -1 via WordPress."
"2026-06-09 09:52:36";NOTICE;"Manual purge of post -1 via WordPress."
"2026-06-09 09:53:07";NOTICE;"Manual purge of post -1 via WordPress."
"2026-06-09 09:53:39";NOTICE;"Manual purge of post -1 via WordPress."
"2026-06-09 09:54:34";NOTICE;"Manual purge of post -1 via WordPress."
"2026-06-09 09:55:15";NOTICE;"Manual purge of post -1 via WordPress."
"2026-06-09 09:56:01";NOTICE;"Manual purge of post -1 via WordPress."
"2026-06-09 09:56:49";NOTICE;"Manual purge of post -1 via WordPress."
"2026-06-09 09:57:34";NOTICE;"Manual purge of post -1 via WordPress."
"2026-06-09 09:58:11";NOTICE;"Manual purge of post -1 via WordPress."
"2026-06-09 09:58:49";NOTICE;"Manual purge of post -1 via WordPress."
"2026-06-09 10:18:32";NOTICE;"Post updated: 4479"
"2026-06-09 10:19:29";NOTICE;"Post updated: 4489"
"2026-06-09 10:20:21";NOTICE;"Post updated: 4499"
"2026-06-09 10:21:10";NOTICE;"Post updated: 4509"
"2026-06-09 10:21:54";NOTICE;"Post updated: 4675"
"2026-06-09 10:22:43";NOTICE;"Post updated: 4688"
"2026-06-09 10:23:25";NOTICE;"Post updated: 4703"
"2026-06-09 10:24:14";NOTICE;"Post updated: 4717"
"2026-06-09 10:25:00";NOTICE;"Post updated: 4727"
"2026-06-09 10:25:40";NOTICE;"Post updated: 4737"
"2026-06-09 10:26:23";NOTICE;"Post updated: 4747"
"2026-06-09 10:27:03";NOTICE;"Post updated: 4479"
"2026-06-09 10:27:12";NOTICE;"Post updated: 4757"
"2026-06-09 10:27:55";NOTICE;"Post updated: 4823"
"2026-06-09 10:28:39";NOTICE;"Post updated: 4834"
"2026-06-09 10:30:00";NOTICE;"Post updated: 4489"
"2026-06-09 10:32:00";NOTICE;"Post updated: 4499"
"2026-06-09 10:33:10";NOTICE;"Manual purge of post -1 via WordPress."
"2026-06-09 10:34:29";NOTICE;"Post updated: 4509"
"2026-06-09 10:37:43";NOTICE;"Post updated: 4675"
"2026-06-09 10:47:09";NOTICE;"Post updated: 4675"
"2026-06-09 10:51:26";NOTICE;"Post updated: 4675"
"2026-06-09 10:54:22";NOTICE;"Post updated: 4509"
"2026-06-09 10:55:24";NOTICE;"Post updated: 4747"
"2026-06-09 10:56:10";NOTICE;"Post updated: 4737"
"2026-06-09 10:56:56";NOTICE;"Post updated: 4727"
"2026-06-09 10:57:39";NOTICE;"Post updated: 4717"
"2026-06-09 10:58:19";NOTICE;"Post updated: 4688"
"2026-06-09 10:59:16";NOTICE;"Post updated: 1943"
"2026-06-09 11:00:00";NOTICE;"Post updated: 4703"
"2026-06-09 11:00:38";NOTICE;"Post updated: 4489"
"2026-06-09 11:01:24";NOTICE;"Post updated: 4479"
"2026-06-09 11:14:02";NOTICE;"Post updated: 4489"
"2026-06-09 11:15:26";NOTICE;"Post updated: 4747"
"2026-06-09 11:16:41";NOTICE;"Post updated: 4737"
"2026-06-09 11:17:03";NOTICE;"Post updated: 1943"
"2026-06-09 11:17:33";NOTICE;"Post updated: 4688"
"2026-06-09 11:18:25";NOTICE;"Post updated: 4703"
"2026-06-09 11:38:15";NOTICE;"Post updated: 4489"
"2026-06-09 11:53:50";NOTICE;"Post deleted: 4767"
"2026-06-09 11:57:27";NOTICE;"Post deleted: 1944"
"2026-06-09 11:57:40";NOTICE;"Post updated: 1943"
"2026-06-09 11:58:34";NOTICE;"Post deleted: 4645"
"2026-06-09 11:58:57";NOTICE;"Post updated: 4489"
"2026-06-09 12:00:34";NOTICE;"Post updated: 4489"
"2026-06-09 12:01:29";NOTICE;"Post updated: 4489"
"2026-06-09 12:19:23";NOTICE;"Post updated: 4747"
"2026-06-09 12:59:47";NOTICE;"Post updated: 4717"
"2026-06-09 13:05:10";NOTICE;"Post updated: 4727"
"2026-06-09 13:09:02";NOTICE;"Post updated: 4688"
"2026-06-09 13:46:47";NOTICE;"Post updated: 4489"
"2026-06-09 13:54:08";NOTICE;"Post updated: 4727"
